Workbook

Sheet Total
A1: /Project
A2: /Metrics/Metric/@description | B2: /Metrics/Metric/@name | C2: /Metrics/Metric/@value | D2: /Packages/Package/@name | E2: /Packages/Package/#id | F2: /Packages/Package/Class/@name | G2: /Packages/Package/Class/#id | H2: /Packages/Package/Class/Class/@name | I2: /Packages/Package/Class/Class/#id | J2: /Packages/Package/Class/Class/Method/@name | K2: /Packages/Package/Class/Class/Method/#id | L2: /Packages/Package/Class/Class/Method/Metrics/Metric/@description | M2: /Packages/Package/Class/Class/Method/Metrics/Metric/@name | N2: /Packages/Package/Class/Class/Method/Metrics/Metric/@value | O2: /Packages/Package/Class/Class/Metrics/Metric/@description | P2: /Packages/Package/Class/Class/Metrics/Metric/@name | Q2: /Packages/Package/Class/Class/Metrics/Metric/@value | R2: /Packages/Package/Class/Method/@name | S2: /Packages/Package/Class/Method/#id | T2: /Packages/Package/Class/Method/Metrics/Metric/@description | U2: /Packages/Package/Class/Method/Metrics/Metric/@name | V2: /Packages/Package/Class/Method/Metrics/Metric/@value | W2: /Packages/Package/Class/Metrics/Metric/@description | X2: /Packages/Package/Class/Metrics/Metric/@name | Y2: /Packages/Package/Class/Metrics/Metric/@value | Z2: /Packages/Package/Metrics/Metric/@description | AA2: /Packages/Package/Metrics/Metric/@name | AB2: /Packages/Package/Metrics/Metric/@value
A3: Attribute Hiding Factor | B3: AHF | C3: 0
A4: Attribute Inheritance Factor | B4: AIF | C4: 0.0612
A5: Coupling Factor | B5: CF | C5: 0.4938
A6: Effectiveness | B6: Effectiveness | C6: 20017
A7: Extendibility | B7: Extendibility | C7: 2.43
A8: Flexibility | B8: Flexibility | C8: 39006
A9: Functionality | B9: Functionality | C9: 25489
A10: Halstead Difficulty | B10: PRHD | C10: 1005916
A11: Halstead Effort | B11: PRCHEF | C11: 24029969576
A12: Halstead Errors | B12: PRCHER | C12: 129838
A13: Halstead Length | B13: PRCHL | C13: 4254
A14: Halstead Vocabulary | B14: PRCHVC | C14: 1345
... A31: Understandability | B31: Understandability | C31: -35578
D32: battleship | E32: 1 | F32: Barge | G32: 1 | R32: Barge(Compass, IPosition) | S32: 1 | T32: Cognitive Complexity | U32: CCM | V32: 0
D33: battleship | E33: 1 | F33: Barge | G33: 1 | R33: Barge(Compass, IPosition) | S33: 1 | T33: Condition Nesting Depth | U33: CND | V33: 0
D34: battleship | E34: 1 | F34: Barge | G34: 1 | R34: Barge(Compass, IPosition) | S34: 1 | T34: Coupling Dispersion | U34: CDISP | V34: 0.6
D35: battleship | E35: 1 | F35: Barge | G35: 1 | R35: Barge(Compass, IPosition) | S35: 1 | T35: Coupling Intensity | U35: CINT | V35: 5
D36: battleship | E36: 1 | F36: Barge | G36: 1 | R36: Barge(Compass, IPosition) | S36: 1 | T36: Foreign Data Providers | U36: FDP | V36: 0
D37: battleship | E37: 1 | F37: Barge | G37: 1 | R37: Barge(Compass, IPosition) | S37: 1 | T37: Halstead Difficulty | U37: HD | V37: 6
D38: battleship | E38: 1 | F38: Barge | G38: 1 | R38: Barge(Compass, IPosition) | S38: 1 | T38: Halstead Effort | U38: HEF | V38: 3011369
D39: battleship | E39: 1 | F39: Barge | G39: 1 | R39: Barge(Compass, IPosition) | S39: 1 | T39: Halstead Errors | U39: HER | V39: 0.015
D40: battleship | E40: 1 | F40: Barge | G40: 1 | R40: Barge(Compass, IPosition) | S40: 1 | T40: Halstead Length | U40: HL | V40: 14
D41: battleship | E41: 1 | F41: Barge | G41: 1 | R41: Barge(Compass, IPosition) | S41: 1 | T41: Halstead Vocabulary | U41: HVC | V41: 12
D42: battleship | E42: 1 | F42: Barge | G42: 1 | R42: Barge(Compass, IPosition) | S42: 1 | T42: Halstead Volume | U42: HVL | V42: 501895
D43: battleship | E43: 1 | F43: Barge | G43: 1 | R43: Barge(Compass, IPosition) | S43: 1 | T43: Lines Of Code | U43: LOC | V43: 11
... D51: battleship | E51: 1 | F51: Barge | G51: 1 | R51: Barge(Compass, IPosition) | S51: 1 | T51: Number Of Parameters | U51: NOPM | V51: 2
D52: battleship | E52: 1 | F52: Barge | G52: 1 | W52: Access To Foreign Data | X52: ATFD | Y52: 1
D53: battleship | E53: 1 | F53: Barge | G53: 1 | W53: Cognitive Complexity | X53: CCC | Y53: 0
D54: battleship | E54: 1 | F54: Barge | G54: 1 | W54: Coupling Between Objects | X54: CBO | Y54: 5
D55: battleship | E55: 1 | F55: Barge | G55: 1 | W55: Data Abstraction Coupling | X55: DAC | Y55: 0
D56: battleship | E56: 1 | F56: Barge | G56: 1 | W56: Depth Of Inheritance Tree | X56: DIT | Y56: 2
D57: battleship | E57: 1 | F57: Barge | G57: 1 | W57: Halstead Difficulty | X57: CHD | Y57: 7.5
D58: battleship | E58: 1 | F58: Barge | G58: 1 | W58: Halstead Effort | X58: CHEF | Y58: 4854378
D59: battleship | E59: 1 | F59: Barge | G59: 1 | W59: Halstead Errors | X59: CHER | Y59: 0.0206
D60: battleship | E60: 1 | F60: Barge | G60: 1 | W60: Halstead Length | X60: CHL | Y60: 17
D61: battleship | E61: 1 | F61: Barge | G61: 1 | W61: Halstead Vocabulary | X61: CHVC | Y61: 14
D62: battleship | E62: 1 | F62: Barge | G62: 1 | W62: Halstead Volume | X62: CHVL | Y62: 64725
D63: battleship | E63: 1 | F63: Barge | G63: 1 | W63: Lack Of Cohesion Of Methods | X63: LCOM | Y63: 0
... D80: battleship | E80: 1 | F80: Barge | G80: 1 | W80: Weighted Methods Per Class | X80: WMC | Y80: 1
D81: battleship | E81: 1 | F81: Caravel | G81: 2 | R81: Caravel(Compass, IPosition) | S81: 2 | T81: Cognitive Complexity | U81: CCM | V81: 5
D82: battleship | E82: 1 | F82: Caravel | G82: 2 | R82: Caravel(Compass, IPosition) | S82: 2 | T82: Condition Nesting Depth | U82: CND | V82: 0
D83: battleship | E83: 1 | F83: Caravel | G83: 2 | R83: Caravel(Compass, IPosition) | S83: 2 | T83: Coupling Dispersion | U83: CDISP | V83: 0.5
D84: battleship | E84: 1 | F84: Caravel | G84: 2 | R84: Caravel(Compass, IPosition) | S84: 2 | T84: Coupling Intensity | U84: CINT | V84: 6
D85: battleship | E85: 1 | F85: Caravel | G85: 2 | R85: Caravel(Compass, IPosition) | S85: 2 | T85: Foreign Data Providers | U85: FDP | V85: 1
D86: battleship | E86: 1 | F86: Caravel | G86: 2 | R86: Caravel(Compass, IPosition) | S86: 2 | T86: Halstead Difficulty | U86: HD | V86: 27
D87: battleship | E87: 1 | F87: Caravel | G87: 2 | R87: Caravel(Compass, IPosition) | S87: 2 | T87: Halstead Effort | U87: HEF | V87: 121983903
D88: battleship | E88: 1 | F88: Caravel | G88: 2 | R88: Caravel(Compass, IPosition) | S88: 2 | T88: Halstead Errors | U88: HER | V88: 0.1766
D89: battleship | E89: 1 | F89: Caravel | G89: 2 | R89: Caravel(Compass, IPosition) | S89: 2 | T89: Halstead Length | U89: HL | V89: 93
D90: battleship | E90: 1 | F90: Caravel | G90: 2 | R90: Caravel(Compass, IPosition) | S90: 2 | T90: Halstead Vocabulary | U90: HVC | V90: 29
D91: battleship | E91: 1 | F91: Caravel | G91: 2 | R91: Caravel(Compass, IPosition) | S91: 2 | T91: Halstead Volume | U91: HVL | V91: 4517922
D92: battleship | E92: 1 | F92: Caravel | G92: 2 | R92: Caravel(Compass, IPosition) | S92: 2 | T92: Lines Of Code | U92: LOC | V92: 27
... D100: battleship | E100: 1 | F100: Caravel | G100: 2 | R100: Caravel(Compass, IPosition) | S100: 2 | T100: Number Of Parameters | U100: NOPM | V100: 2
D101: battleship | E101: 1 | F101: Caravel | G101: 2 | W101: Access To Foreign Data | X101: ATFD | Y101: 1
D102: battleship | E102: 1 | F102: Caravel | G102: 2 | W102: Cognitive Complexity | X102: CCC | Y102: 5
D103: battleship | E103: 1 | F103: Caravel | G103: 2 | W103: Coupling Between Objects | X103: CBO | Y103: 5
D104: battleship | E104: 1 | F104: Caravel | G104: 2 | W104: Data Abstraction Coupling | X104: DAC | Y104: 0
D105: battleship | E105: 1 | F105: Caravel | G105: 2 | W105: Depth Of Inheritance Tree | X105: DIT | Y105: 2
D106: battleship | E106: 1 | F106: Caravel | G106: 2 | W106: Halstead Difficulty | X106: CHD | Y106: 30
D107: battleship | E107: 1 | F107: Caravel | G107: 2 | W107: Halstead Effort | X107: CHEF | Y107: 142680854
D108: battleship | E108: 1 | F108: Caravel | G108: 2 | W108: Halstead Errors | X108: CHER | Y108: 0.1961
D109: battleship | E109: 1 | F109: Caravel | G109: 2 | W109: Halstead Length | X109: CHL | Y109: 96
D110: battleship | E110: 1 | F110: Caravel | G110: 2 | W110: Halstead Vocabulary | X110: CHVC | Y110: 31
D111: battleship | E111: 1 | F111: Caravel | G111: 2 | W111: Halstead Volume | X111: CHVL | Y111: 4756028
D112: battleship | E112: 1 | F112: Caravel | G112: 2 | W112: Lack Of Cohesion Of Methods | X112: LCOM | Y112: 0
... D129: battleship | E129: 1 | F129: Caravel | G129: 2 | W129: Weighted Methods Per Class | X129: WMC | Y129: 9
D130: battleship | E130: 1 | F130: Carrack | G130: 3 | R130: Carrack(Compass, IPosition) | S130: 3 | T130: Cognitive Complexity | U130: CCM | V130: 5
D131: battleship | E131: 1 | F131: Carrack | G131: 3 | R131: Carrack(Compass, IPosition) | S131: 3 | T131: Condition Nesting Depth | U131: CND | V131: 0
D132: battleship | E132: 1 | F132: Carrack | G132: 3 | R132: Carrack(Compass, IPosition) | S132: 3 | T132: Coupling Dispersion | U132: CDISP | V132: 0.5
D133: battleship | E133: 1 | F133: Carrack | G133: 3 | R133: Carrack(Compass, IPosition) | S133: 3 | T133: Coupling Intensity | U133: CINT | V133: 6
D134: battleship | E134: 1 | F134: Carrack | G134: 3 | R134: Carrack(Compass, IPosition) | S134: 3 | T134: Foreign Data Providers | U134: FDP | V134: 1
D135: battleship | E135: 1 | F135: Carrack | G135: 3 | R135: Carrack(Compass, IPosition) | S135: 3 | T135: Halstead Difficulty | U135: HD | V135: 27
D136: battleship | E136: 1 | F136: Carrack | G136: 3 | R136: Carrack(Compass, IPosition) | S136: 3 | T136: Halstead Effort | U136: HEF | V136: 121983903
D137: battleship | E137: 1 | F137: Carrack | G137: 3 | R137: Carrack(Compass, IPosition) | S137: 3 | T137: Halstead Errors | U137: HER | V137: 0.1766
D138: battleship | E138: 1 | F138: Carrack | G138: 3 | R138: Carrack(Compass, IPosition) | S138: 3 | T138: Halstead Length | U138: HL | V138: 93
D139: battleship | E139: 1 | F139: Carrack | G139: 3 | R139: Carrack(Compass, IPosition) | S139: 3 | T139: Halstead Vocabulary | U139: HVC | V139: 29
D140: battleship | E140: 1 | F140: Carrack | G140: 3 | R140: Carrack(Compass, IPosition) | S140: 3 | T140: Halstead Volume | U140: HVL | V140: 4517922
D141: battleship | E141: 1 | F141: Carrack | G141: 3 | R141: Carrack(Compass, IPosition) | S141: 3 | T141: Lines Of Code | U141: LOC | V141: 27
... D149: battleship | E149: 1 | F149: Carrack | G149: 3 | R149: Carrack(Compass, IPosition) | S149: 3 | T149: Number Of Parameters | U149: NOPM | V149: 2
D150: battleship | E150: 1 | F150: Carrack | G150: 3 | W150: Access To Foreign Data | X150: ATFD | Y150: 1
D151: battleship | E151: 1 | F151: Carrack | G151: 3 | W151: Cognitive Complexity | X151: CCC | Y151: 5
D152: battleship | E152: 1 | F152: Carrack | G152: 3 | W152: Coupling Between Objects | X152: CBO | Y152: 5
D153: battleship | E153: 1 | F153: Carrack | G153: 3 | W153: Data Abstraction Coupling | X153: DAC | Y153: 0
D154: battleship | E154: 1 | F154: Carrack | G154: 3 | W154: Depth Of Inheritance Tree | X154: DIT | Y154: 2
D155: battleship | E155: 1 | F155: Carrack | G155: 3 | W155: Halstead Difficulty | X155: CHD | Y155: 30
D156: battleship | E156: 1 | F156: Carrack | G156: 3 | W156: Halstead Effort | X156: CHEF | Y156: 142680854
D157: battleship | E157: 1 | F157: Carrack | G157: 3 | W157: Halstead Errors | X157: CHER | Y157: 0.1961
D158: battleship | E158: 1 | F158: Carrack | G158: 3 | W158: Halstead Length | X158: CHL | Y158: 96
D159: battleship | E159: 1 | F159: Carrack | G159: 3 | W159: Halstead Vocabulary | X159: CHVC | Y159: 31
D160: battleship | E160: 1 | F160: Carrack | G160: 3 | W160: Halstead Volume | X160: CHVL | Y160: 4756028
D161: battleship | E161: 1 | F161: Carrack | G161: 3 | W161: Lack Of Cohesion Of Methods | X161: LCOM | Y161: 0
... D178: battleship | E178: 1 | F178: Carrack | G178: 3 | W178: Weighted Methods Per Class | X178: WMC | Y178: 9
D179: battleship | E179: 1 | F179: Compass | G179: 4 | R179: Compass(char) | S179: 4 | T179: Cognitive Complexity | U179: CCM | V179: 0
D180: battleship | E180: 1 | F180: Compass | G180: 4 | R180: Compass(char) | S180: 4 | T180: Condition Nesting Depth | U180: CND | V180: 0
D181: battleship | E181: 1 | F181: Compass | G181: 4 | R181: Compass(char) | S181: 4 | T181: Coupling Dispersion | U181: CDISP | V181: 0
D182: battleship | E182: 1 | F182: Compass | G182: 4 | R182: Compass(char) | S182: 4 | T182: Coupling Intensity | U182: CINT | V182: 0
D183: battleship | E183: 1 | F183: Compass | G183: 4 | R183: Compass(char) | S183: 4 | T183: Foreign Data Providers | U183: FDP | V183: 0
D184: battleship | E184: 1 | F184: Compass | G184: 4 | R184: Compass(char) | S184: 4 | T184: Halstead Difficulty | U184: HD | V184: 1
D185: battleship | E185: 1 | F185: Compass | G185: 4 | R185: Compass(char) | S185: 4 | T185: Halstead Effort | U185: HEF | V185: 8
...

Sheet System
A1: /Project
A2: /Metrics/Metric/@description | B2: /Metrics/Metric/@name | C2: /Metrics/Metric/@value
A3: Attribute Hiding Factor | B3: AHF | C3: 0
A4: Attribute Inheritance Factor | B4: AIF | C4: 0.0612
A5: Coupling Factor | B5: CF | C5: 0.4938
A6: Effectiveness | B6: Effectiveness | C6: 20017
A7: Extendibility | B7: Extendibility | C7: 2.43
A8: Flexibility | B8: Flexibility | C8: 39006
A9: Functionality | B9: Functionality | C9: 25489
A10: Halstead Difficulty | B10: PRHD | C10: 1005916
A11: Halstead Effort | B11: PRCHEF | C11: 24029969576
A12: Halstead Errors | B12: PRCHER | C12: 129838
A13: Halstead Length | B13: PRCHL | C13: 4254
A14: Halstead Vocabulary | B14: PRCHVC | C14: 1345
... A31: Understandability | B31: Understandability | C31: -35578

Sheet Package
A2: /Packages/Package/@name | B2: /Packages/Package/#id | C2: /Packages/Package/Class/@name | D2: /Packages/Package/Class/#id
A32: battleship | B32: 1 | C32: Barge | D32: 1
A33: battleship | B33: 1 | C33: Barge | D33: 1
A34: battleship | B34: 1 | C34: Barge | D34: 1
A35: battleship | B35: 1 | C35: Barge | D35: 1
A36: battleship | B36: 1 | C36: Barge | D36: 1
A37: battleship | B37: 1 | C37: Barge | D37: 1
A38: battleship | B38: 1 | C38: Barge | D38: 1
A39: battleship | B39: 1 | C39: Barge | D39: 1
A40: battleship | B40: 1 | C40: Barge | D40: 1
A41: battleship | B41: 1 | C41: Barge | D41: 1
A42: battleship | B42: 1 | C42: Barge | D42: 1
A43: battleship | B43: 1 | C43: Barge | D43: 1
... A4051: battleship | B4051: 1 | C4051: Tasks | D4051: 19
A4052: battleship | B4052: 1
A4053: battleship | B4053: 1
A4054: battleship | B4054: 1
A4055: battleship | B4055: 1
A4056: battleship | B4056: 1
A4057: battleship | B4057: 1
A4058: battleship | B4058: 1
A4059: battleship | B4059: 1
A4060: battleship | B4060: 1
A4061: battleship | B4061: 1
A4062: battleship | B4062: 1
A4063: battleship | B4063: 1
... A4073: battleship | B4073: 1
A4074: restserver | B4074: 2 | C4074: AiShotStrategy | D4074: 20
A4075: restserver | B4075: 2 | C4075: AiShotStrategy | D4075: 20
A4076: restserver | B4076: 2 | C4076: AiShotStrategy | D4076: 20
A4077: restserver | B4077: 2 | C4077: AiShotStrategy | D4077: 20
A4078: restserver | B4078: 2 | C4078: AiShotStrategy | D4078: 20
A4079: restserver | B4079: 2 | C4079: AiShotStrategy | D4079: 20
A4080: restserver | B4080: 2 | C4080: AiShotStrategy | D4080: 20
A4081: restserver | B4081: 2 | C4081: AiShotStrategy | D4081: 20
A4082: restserver | B4082: 2 | C4082: AiShotStrategy | D4082: 20
A4083: restserver | B4083: 2 | C4083: AiShotStrategy | D4083: 20
A4084: restserver | B4084: 2 | C4084: AiShotStrategy | D4084: 20
A4085: restserver | B4085: 2 | C4085: AiShotStrategy | D4085: 20
... A4999: restserver | B4999: 2 | C4999: GameSession | D4999: 26
A5000: restserver | B5000: 2
A5001: restserver | B5001: 2
A5002: restserver | B5002: 2
A5003: restserver | B5003: 2
A5004: restserver | B5004: 2
A5005: restserver | B5005: 2
A5006: restserver | B5006: 2
A5007: restserver | B5007: 2
A5008: restserver | B5008: 2
A5009: restserver | B5009: 2
A5010: restserver | B5010: 2
A5011: restserver | B5011: 2
... A5021: restserver | B5021: 2

Sheet Class
A2: /Packages/Package/Class/Class/@name | B2: /Packages/Package/Class/Class/#id | C2: /Packages/Package/Class/Class/Method/@name | D2: /Packages/Package/Class/Class/Method/#id
A1493: ShotResult | B1493: 1 | C1493: ShotResult(boolean, boolean, IShip, boolean) | D1493: 1
A1494: ShotResult | B1494: 1 | C1494: ShotResult(boolean, boolean, IShip, boolean) | D1494: 1
A1495: ShotResult | B1495: 1 | C1495: ShotResult(boolean, boolean, IShip, boolean) | D1495: 1
A1496: ShotResult | B1496: 1 | C1496: ShotResult(boolean, boolean, IShip, boolean) | D1496: 1
A1497: ShotResult | B1497: 1 | C1497: ShotResult(boolean, boolean, IShip, boolean) | D1497: 1
A1498: ShotResult | B1498: 1 | C1498: ShotResult(boolean, boolean, IShip, boolean) | D1498: 1
A1499: ShotResult | B1499: 1 | C1499: ShotResult(boolean, boolean, IShip, boolean) | D1499: 1
A1500: ShotResult | B1500: 1 | C1500: ShotResult(boolean, boolean, IShip, boolean) | D1500: 1
A1501: ShotResult | B1501: 1 | C1501: ShotResult(boolean, boolean, IShip, boolean) | D1501: 1
A1502: ShotResult | B1502: 1 | C1502: ShotResult(boolean, boolean, IShip, boolean) | D1502: 1
A1503: ShotResult | B1503: 1 | C1503: ShotResult(boolean, boolean, IShip, boolean) | D1503: 1
A1504: ShotResult | B1504: 1 | C1504: ShotResult(boolean, boolean, IShip, boolean) | D1504: 1
... A1592: ShotResult | B1592: 1 | C1592: valid() | D1592: 5
A1593: ShotResult | B1593: 1
A1594: ShotResult | B1594: 1
A1595: ShotResult | B1595: 1
A1596: ShotResult | B1596: 1
A1597: ShotResult | B1597: 1
A1598: ShotResult | B1598: 1
A1599: ShotResult | B1599: 1
A1600: ShotResult | B1600: 1
A1601: ShotResult | B1601: 1
A1602: ShotResult | B1602: 1
A1603: ShotResult | B1603: 1
A1604: ShotResult | B1604: 1
... A1621: ShotResult | B1621: 1
A4301: ErrorResponse | B4301: 2 | C4301: ErrorResponse(String) | D4301: 6
A4302: ErrorResponse | B4302: 2 | C4302: ErrorResponse(String) | D4302: 6
A4303: ErrorResponse | B4303: 2 | C4303: ErrorResponse(String) | D4303: 6
A4304: ErrorResponse | B4304: 2 | C4304: ErrorResponse(String) | D4304: 6
A4305: ErrorResponse | B4305: 2 | C4305: ErrorResponse(String) | D4305: 6
A4306: ErrorResponse | B4306: 2 | C4306: ErrorResponse(String) | D4306: 6
A4307: ErrorResponse | B4307: 2 | C4307: ErrorResponse(String) | D4307: 6
A4308: ErrorResponse | B4308: 2 | C4308: ErrorResponse(String) | D4308: 6
A4309: ErrorResponse | B4309: 2 | C4309: ErrorResponse(String) | D4309: 6
A4310: ErrorResponse | B4310: 2 | C4310: ErrorResponse(String) | D4310: 6
A4311: ErrorResponse | B4311: 2 | C4311: ErrorResponse(String) | D4311: 6
A4312: ErrorResponse | B4312: 2 | C4312: ErrorResponse(String) | D4312: 6
... A4320: ErrorResponse | B4320: 2 | C4320: ErrorResponse(String) | D4320: 6
A4321: ErrorResponse | B4321: 2
A4322: ErrorResponse | B4322: 2
A4323: ErrorResponse | B4323: 2
A4324: ErrorResponse | B4324: 2
A4325: ErrorResponse | B4325: 2
A4326: ErrorResponse | B4326: 2
A4327: ErrorResponse | B4327: 2
A4328: ErrorResponse | B4328: 2
A4329: ErrorResponse | B4329: 2
A4330: ErrorResponse | B4330: 2
A4331: ErrorResponse | B4331: 2
A4332: ErrorResponse | B4332: 2
... A4523: ShotResult | B4523: 8

Sheet Method
A1: /Packages/Package/Class/Class/Method/Metrics/Metric/@description | B1: /Packages/Package/Class/Class/Method/Metrics/Metric/@name | C1: /Packages/Package/Class/Class/Method/Metrics/Metric/@value | D1: /Packages/Package/Class/Class/Metrics/Metric/@description | E1: /Packages/Package/Class/Class/Metrics/Metric/@name | F1: /Packages/Package/Class/Class/Metrics/Metric/@value | G1: /Packages/Package/Class/Method/@name | H1: /Packages/Package/Class/Method/#id | I1: /Packages/Package/Class/Method/Metrics/Metric/@description | J1: /Packages/Package/Class/Method/Metrics/Metric/@name | K1: /Packages/Package/Class/Method/Metrics/Metric/@value | L1: /Packages/Package/Class/Metrics/Metric/@description | M1: /Packages/Package/Class/Metrics/Metric/@name | N1: /Packages/Package/Class/Metrics/Metric/@value | O1: /Packages/Package/Metrics/Metric/@description | P1: /Packages/Package/Metrics/Metric/@name | Q1: /Packages/Package/Metrics/Metric/@value
G2: processEnemyFire(boolean) | H2: 117 | I2: McCabe Cyclomatic Complexity | J2: CC | K2: 37
G3: menu() | H3: 163 | I3: McCabe Cyclomatic Complexity | J3: CC | K3: 22
G4: computeShots(IGame) | H4: 169 | I4: McCabe Cyclomatic Complexity | J4: CC | K4: 19
G5: describe(IMove) | H5: 121 | I5: McCabe Cyclomatic Complexity | J5: CC | K5: 18
G6: receiveShots(String, ShotRequest) | H6: 178 | I6: McCabe Cyclomatic Complexity | J6: CC | K6: 12
G7: randomEnemyFire() | H7: 51 | I7: McCabe Cyclomatic Complexity | J7: CC | K7: 10
G8: getHitButNotSunkPositions(IGame, Set<IPosition>) | H8: 170 | I8: McCabe Cyclomatic Complexity | J8: CC | K8: 10
G9: Caravel(Compass, IPosition) | H9: 2 | I9: McCabe Cyclomatic Complexity | J9: CC | K9: 9
G10: Carrack(Compass, IPosition) | H10: 3 | I10: McCabe Cyclomatic Complexity | J10: CC | K10: 9
G11: Frigate(Compass, IPosition) | H11: 25 | I11: McCabe Cyclomatic Complexity | J11: CC | K11: 9
G12: sendShots(GameSession, List<IPosition>) | H12: 174 | I12: McCabe Cyclomatic Complexity | J12: CC | K12: 9
G13: readClassicPosition(Scanner) | H13: 165 | I13: McCabe Cyclomatic Complexity | J13: CC | K13: 8
... G1345: PdfExporter() | H1345: 119 | I1345: Halstead Difficulty | J1345: HD | K1345: 0
G1346: valueOf(String) | H1346: 9 | I1346: Halstead Effort | J1346: HEF | K1346: NaN
G1347: values() | H1347: 10 | I1347: Halstead Effort | J1347: HEF | K1347: NaN
G1348: getFloatingShips() | H1348: 55 | I1348: Halstead Effort | J1348: HEF | K1348: NaN
G1349: getShips() | H1349: 56 | I1349: Halstead Effort | J1349: HEF | K1349: NaN
G1350: getShipsLike(String) | H1350: 57 | I1350: Halstead Effort | J1350: HEF | K1350: NaN
G1351: getSunkShips() | H1351: 58 | I1351: Halstead Effort | J1351: HEF | K1351: NaN
G1352: shipAt(IPosition) | H1352: 60 | I1352: Halstead Effort | J1352: HEF | K1352: NaN
G1353: getAlienFleet() | H1353: 63 | I1353: Halstead Effort | J1353: HEF | K1353: NaN
G1354: getAlienMoves() | H1354: 64 | I1354: Halstead Effort | J1354: HEF | K1354: NaN
G1355: getMyFleet() | H1355: 67 | I1355: Halstead Effort | J1355: HEF | K1355: NaN
G1356: getMyMoves() | H1356: 68 | I1356: Halstead Effort | J1356: HEF | K1356: NaN
G1357: randomEnemyFire() | H1357: 75 | I1357: Halstead Effort | J1357: HEF | K1357: NaN
... G1368: getSize() | H1368: 103 | I1368: Halstead Effort | J1368: HEF | K1368: NaN
G1369: processEnemyFire(boolean) | H1369: 117 | I1369: Halstead Effort | J1369: HEF | K1369: 1846018791
G1370: menu() | H1370: 163 | I1370: Halstead Effort | J1370: HEF | K1370: 570775874
G1371: export(IGame, String) | H1371: 122 | I1371: Halstead Effort | J1371: HEF | K1371: 494372346
G1372: computeShots(IGame) | H1372: 169 | I1372: Halstead Effort | J1372: HEF | K1372: 357962555
G1373: sendShots(GameSession, List<IPosition>) | H1373: 174 | I1373: Halstead Effort | J1373: HEF | K1373: 327985712
G1374: describe(IMove) | H1374: 121 | I1374: Halstead Effort | J1374: HEF | K1374: 310929156
G1375: randomEnemyFire() | H1375: 51 | I1375: Halstead Effort | J1375: HEF | K1375: 290117968
G1376: receiveShots(String, ShotRequest) | H1376: 178 | I1376: Halstead Effort | J1376: HEF | K1376: 259109345
G1377: Caravel(Compass, IPosition) | H1377: 2 | I1377: Halstead Effort | J1377: HEF | K1377: 121983903
G1378: Carrack(Compass, IPosition) | H1378: 3 | I1378: Halstead Effort | J1378: HEF | K1378: 121983903
G1379: Frigate(Compass, IPosition) | H1379: 25 | I1379: Halstead Effort | J1379: HEF | K1379: 121983903
G1380: evaluateShots(List<IPosition>, IGame, GameSession) | H1380: 177 | I1380: Halstead Effort | J1380: HEF | K1380: 117611466
... G1537: PdfExporter() | H1537: 119 | I1537: Halstead Effort | J1537: HEF | K1537: 0
G1538: valueOf(String) | H1538: 9 | I1538: Halstead Errors | J1538: HER | K1538: NaN
G1539: values() | H1539: 10 | I1539: Halstead Errors | J1539: HER | K1539: NaN
G1540: getFloatingShips() | H1540: 55 | I1540: Halstead Errors | J1540: HER | K1540: NaN
G1541: getShips() | H1541: 56 | I1541: Halstead Errors | J1541: HER | K1541: NaN
G1542: getShipsLike(String) | H1542: 57 | I1542: Halstead Errors | J1542: HER | K1542: NaN
G1543: getSunkShips() | H1543: 58 | I1543: Halstead Errors | J1543: HER | K1543: NaN
G1544: shipAt(IPosition) | H1544: 60 | I1544: Halstead Errors | J1544: HER | K1544: NaN
G1545: getAlienFleet() | H1545: 63 | I1545: Halstead Errors | J1545: HER | K1545: NaN
G1546: getAlienMoves() | H1546: 64 | I1546: Halstead Errors | J1546: HER | K1546: NaN
G1547: getMyFleet() | H1547: 67 | I1547: Halstead Errors | J1547: HER | K1547: NaN
G1548: getMyMoves() | H1548: 68 | I1548: Halstead Errors | J1548: HER | K1548: NaN
G1549: randomEnemyFire() | H1549: 75 | I1549: Halstead Errors | J1549: HER | K1549: NaN
... G1560: getSize() | H1560: 103 | I1560: Halstead Errors | J1560: HER | K1560: NaN
G1561: processEnemyFire(boolean) | H1561: 117 | I1561: Halstead Errors | J1561: HER | K1561: 10807
G1562: menu() | H1562: 163 | I1562: Halstead Errors | J1562: HER | K1562: 0.4941
G1563: export(IGame, String) | H1563: 122 | I1563: Halstead Errors | J1563: HER | K1563: 0.449
G1564: computeShots(IGame) | H1564: 169 | I1564: Halstead Errors | J1564: HER | K1564: 0.3621
G1565: sendShots(GameSession, List<IPosition>) | H1565: 174 | I1565: Halstead Errors | J1565: HER | K1565: 0.3415
G1566: describe(IMove) | H1566: 121 | I1566: Halstead Errors | J1566: HER | K1566: 0.3296
G1567: randomEnemyFire() | H1567: 51 | I1567: Halstead Errors | J1567: HER | K1567: 0.3147
G1568: receiveShots(String, ShotRequest) | H1568: 178 | I1568: Halstead Errors | J1568: HER | K1568: 0.2919
G1569: Caravel(Compass, IPosition) | H1569: 2 | I1569: Halstead Errors | J1569: HER | K1569: 0.1766
G1570: Carrack(Compass, IPosition) | H1570: 3 | I1570: Halstead Errors | J1570: HER | K1570: 0.1766
G1571: Frigate(Compass, IPosition) | H1571: 25 | I1571: Halstead Errors | J1571: HER | K1571: 0.1766
G1572: evaluateShots(List<IPosition>, IGame, GameSession) | H1572: 177 | I1572: Halstead Errors | J1572: HER | K1572: 0.1724
... G2113: getSize() | H2113: 103 | I2113: Halstead Vocabulary | J2113: HVC | K2113: 0
G2114: valueOf(String) | H2114: 9 | I2114: Halstead Volume | J2114: HVL | K2114: NaN
G2115: values() | H2115: 10 | I2115: Halstead Volume | J2115: HVL | K2115: NaN
G2116: getFloatingShips() | H2116: 55 | I2116: Halstead Volume | J2116: HVL | K2116: NaN
G2117: getShips() | H2117: 56 | I2117: Halstead Volume | J2117: HVL | K2117: NaN
G2118: getShipsLike(String) | H2118: 57 | I2118: Halstead Volume | J2118: HVL | K2118: NaN
G2119: getSunkShips() | H2119: 58 | I2119: Halstead Volume | J2119: HVL | K2119: NaN
G2120: shipAt(IPosition) | H2120: 60 | I2120: Halstead Volume | J2120: HVL | K2120: NaN
G2121: getAlienFleet() | H2121: 63 | I2121: Halstead Volume | J2121: HVL | K2121: NaN
G2122: getAlienMoves() | H2122: 64 | I2122: Halstead Volume | J2122: HVL | K2122: NaN
G2123: getMyFleet() | H2123: 67 | I2123: Halstead Volume | J2123: HVL | K2123: NaN
G2124: getMyMoves() | H2124: 68 | I2124: Halstead Volume | J2124: HVL | K2124: NaN
G2125: randomEnemyFire() | H2125: 75 | I2125: Halstead Volume | J2125: HVL | K2125: NaN
... G2136: getSize() | H2136: 103 | I2136: Halstead Volume | J2136: HVL | K2136: NaN
G2137: processEnemyFire(boolean) | H2137: 117 | I2137: Halstead Volume | J2137: HVL | K2137: 24342132
G2138: export(IGame, String) | H2138: 122 | I2138: Halstead Volume | J2138: HVL | K2138: 10810497
G2139: menu() | H2139: 163 | I2139: Halstead Volume | J2139: HVL | K2139: 10122134
G2140: sendShots(GameSession, List<IPosition>) | H2140: 174 | I2140: Halstead Volume | J2140: HVL | K2140: 8320991
G2141: receiveShots(String, ShotRequest) | H2141: 178 | I2141: Halstead Volume | J2141: HVL | K2141: 7994671
G2142: describe(IMove) | H2142: 121 | I2142: Halstead Volume | J2142: HVL | K2142: 7804447
G2143: computeShots(IGame) | H2143: 169 | I2143: Halstead Volume | J2143: HVL | K2143: 7235866
G2144: randomEnemyFire() | H2144: 51 | I2144: Halstead Volume | J2144: HVL | K2144: 6681505
G2145: evaluateShots(List<IPosition>, IGame, GameSession) | H2145: 177 | I2145: Halstead Volume | J2145: HVL | K2145: 4887749
G2146: Caravel(Compass, IPosition) | H2146: 2 | I2146: Halstead Volume | J2146: HVL | K2146: 4517922
G2147: Carrack(Compass, IPosition) | H2147: 3 | I2147: Halstead Volume | J2147: HVL | K2147: 4517922
G2148: Frigate(Compass, IPosition) | H2148: 25 | I2148: Halstead Volume | J2148: HVL | K2148: 4517922
... G2881: tooCloseTo(IShip) | H2881: 111 | I2881: Lines Of Code | J2881: LOC | K2881: 0
G2882: PdfExporter() | H2882: 119 | I2882: Maintainability Index | J2882: MMI | K2882: ∞
G2883: getCallbackUrl() | H2883: 184 | I2883: Maintainability Index | J2883: MMI | K2883: 957844
G2884: getGame() | H2884: 185 | I2884: Maintainability Index | J2884: MMI | K2884: 957844
G2885: getGameId() | H2885: 186 | I2885: Maintainability Index | J2885: MMI | K2885: 957844
G2886: getPlayerName() | H2886: 187 | I2886: Maintainability Index | J2886: MMI | K2886: 957844
G2887: getWinner() | H2887: 189 | I2887: Maintainability Index | J2887: MMI | K2887: 957844
G2888: getShotsPerTurn() | H2888: 188 | I2888: Maintainability Index | J2888: MMI | K2888: 936766
G2889: isGameOver() | H2889: 190 | I2889: Maintainability Index | J2889: MMI | K2889: 936766
...

Sheet Method_norm
A1: ID | B1: Método | C1: CC | D1: LOC | E1: NOPM | F1: CC_norm | G1: LOC_norm | H1: NOPM_norm | I1: Soma
A2: 117 | B2: processEnemyFire(boolean) | C2: =SUMIFS(Method!$K$2:$K$3841,Method!$H$2:$H$3841,$A2,Method!$J$2:$J$3841,C$1) -> 37 | D2: =SUMIFS(Method!$K$2:$K$3841,Method!$H$2:$H$3841,$A2,Method!$J$2:$J$3841,D$1) -> 130 | E2: =SUMIFS(Method!$K$2:$K$3841,Method!$H$2:$H$3841,$A2,Method!$J$2:$J$3841,E$1) -> 1 | F2: =(C2-MIN(C$2:C$193))/(MAX(C$2:C$193)-MIN(C$2:C$193)) -> 1 | G2: =(D2-MIN(D$2:D$193))/(MAX(D$2:D$193)-MIN(D$2:D$193)) -> 1 | H2: =(E2-MIN(E$2:E$193))/(MAX(E$2:E$193)-MIN(E$2:E$193)) -> 0.25 | I2: =SUM(F2:H2) -> 2.25
A3: 46 | B3: printBoard(IFleet, List<IMove>, boolean, boolean) | C3: =SUMIFS(Method!$K$2:$K$3841,Method!$H$2:$H$3841,$A3,Method!$J$2:$J$3841,C$1) -> 5 | D3: =SUMIFS(Method!$K$2:$K$3841,Method!$H$2:$H$3841,$A3,Method!$J$2:$J$3841,D$1) -> 32 | E3: =SUMIFS(Method!$K$2:$K$3841,Method!$H$2:$H$3841,$A3,Method!$J$2:$J$3841,E$1) -> 4 | F3: =(C3-MIN(C$2:C$193))/(MAX(C$2:C$193)-MIN(C$2:C$193)) -> 0.11111111 | G3: =(D3-MIN(D$2:D$193))/(MAX(D$2:D$193)-MIN(D$2:D$193)) -> 0.24615385 | H3: =(E3-MIN(E$2:E$193))/(MAX(E$2:E$193)-MIN(E$2:E$193)) -> 1 | I3: =SUM(F3:H3) -> 1.357265
A4: 178 | B4: receiveShots(String, ShotRequest) | C4: =SUMIFS(Method!$K$2:$K$3841,Method!$H$2:$H$3841,$A4,Method!$J$2:$J$3841,C$1) -> 12 | D4: =SUMIFS(Method!$K$2:$K$3841,Method!$H$2:$H$3841,$A4,Method!$J$2:$J$3841,D$1) -> 60 | E4: =SUMIFS(Method!$K$2:$K$3841,Method!$H$2:$H$3841,$A4,Method!$J$2:$J$3841,E$1) -> 2 | F4: =(C4-MIN(C$2:C$193))/(MAX(C$2:C$193)-MIN(C$2:C$193)) -> 0.30555556 | G4: =(D4-MIN(D$2:D$193))/(MAX(D$2:D$193)-MIN(D$2:D$193)) -> 0.46153846 | H4: =(E4-MIN(E$2:E$193))/(MAX(E$2:E$193)-MIN(E$2:E$193)) -> 0.5 | I4: =SUM(F4:H4) -> 1.267094
A5: 174 | B5: sendShots(GameSession, List<IPosition>) | C5: =SUMIFS(Method!$K$2:$K$3841,Method!$H$2:$H$3841,$A5,Method!$J$2:$J$3841,C$1) -> 9 | D5: =SUMIFS(Method!$K$2:$K$3841,Method!$H$2:$H$3841,$A5,Method!$J$2:$J$3841,D$1) -> 62 | E5: =SUMIFS(Method!$K$2:$K$3841,Method!$H$2:$H$3841,$A5,Method!$J$2:$J$3841,E$1) -> 2 | F5: =(C5-MIN(C$2:C$193))/(MAX(C$2:C$193)-MIN(C$2:C$193)) -> 0.22222222 | G5: =(D5-MIN(D$2:D$193))/(MAX(D$2:D$193)-MIN(D$2:D$193)) -> 0.47692308 | H5: =(E5-MIN(E$2:E$193))/(MAX(E$2:E$193)-MIN(E$2:E$193)) -> 0.5 | I5: =SUM(F5:H5) -> 1.1991453
A6: 163 | B6: menu() | C6: =SUMIFS(Method!$K$2:$K$3841,Method!$H$2:$H$3841,$A6,Method!$J$2:$J$3841,C$1) -> 22 | D6: =SUMIFS(Method!$K$2:$K$3841,Method!$H$2:$H$3841,$A6,Method!$J$2:$J$3841,D$1) -> 80 | E6: =SUMIFS(Method!$K$2:$K$3841,Method!$H$2:$H$3841,$A6,Method!$J$2:$J$3841,E$1) -> 0 | F6: =(C6-MIN(C$2:C$193))/(MAX(C$2:C$193)-MIN(C$2:C$193)) -> 0.58333333 | G6: =(D6-MIN(D$2:D$193))/(MAX(D$2:D$193)-MIN(D$2:D$193)) -> 0.61538462 | H6: =(E6-MIN(E$2:E$193))/(MAX(E$2:E$193)-MIN(E$2:E$193)) -> 0 | I6: =SUM(F6:H6) -> 1.1987179
A7: 142 | B7: buildShip(String, Compass, Position) | C7: =SUMIFS(Method!$K$2:$K$3841,Method!$H$2:$H$3841,$A7,Method!$J$2:$J$3841,C$1) -> 7 | D7: =SUMIFS(Method!$K$2:$K$3841,Method!$H$2:$H$3841,$A7,Method!$J$2:$J$3841,D$1) -> 36 | E7: =SUMIFS(Method!$K$2:$K$3841,Method!$H$2:$H$3841,$A7,Method!$J$2:$J$3841,E$1) -> 3 | F7: =(C7-MIN(C$2:C$193))/(MAX(C$2:C$193)-MIN(C$2:C$193)) -> 0.16666667 | G7: =(D7-MIN(D$2:D$193))/(MAX(D$2:D$193)-MIN(D$2:D$193)) -> 0.27692308 | H7: =(E7-MIN(E$2:E$193))/(MAX(E$2:E$193)-MIN(E$2:E$193)) -> 0.75 | I7: =SUM(F7:H7) -> 1.1935897
A8: 177 | B8: evaluateShots(List<IPosition>, IGame, GameSession) | C8: =SUMIFS(Method!$K$2:$K$3841,Method!$H$2:$H$3841,$A8,Method!$J$2:$J$3841,C$1) -> 6 | D8: =SUMIFS(Method!$K$2:$K$3841,Method!$H$2:$H$3841,$A8,Method!$J$2:$J$3841,D$1) -> 38 | E8: =SUMIFS(Method!$K$2:$K$3841,Method!$H$2:$H$3841,$A8,Method!$J$2:$J$3841,E$1) -> 3 | F8: =(C8-MIN(C$2:C$193))/(MAX(C$2:C$193)-MIN(C$2:C$193)) -> 0.13888889 | G8: =(D8-MIN(D$2:D$193))/(MAX(D$2:D$193)-MIN(D$2:D$193)) -> 0.29230769 | H8: =(E8-MIN(E$2:E$193))/(MAX(E$2:E$193)-MIN(E$2:E$193)) -> 0.75 | I8: =SUM(F8:H8) -> 1.1811966
A9: 169 | B9: computeShots(IGame) | C9: =SUMIFS(Method!$K$2:$K$3841,Method!$H$2:$H$3841,$A9,Method!$J$2:$J$3841,C$1) -> 19 | D9: =SUMIFS(Method!$K$2:$K$3841,Method!$H$2:$H$3841,$A9,Method!$J$2:$J$3841,D$1) -> 55 | E9: =SUMIFS(Method!$K$2:$K$3841,Method!$H$2:$H$3841,$A9,Method!$J$2:$J$3841,E$1) -> 1 | F9: =(C9-MIN(C$2:C$193))/(MAX(C$2:C$193)-MIN(C$2:C$193)) -> 0.5 | G9: =(D9-MIN(D$2:D$193))/(MAX(D$2:D$193)-MIN(D$2:D$193)) -> 0.42307692 | H9: =(E9-MIN(E$2:E$193))/(MAX(E$2:E$193)-MIN(E$2:E$193)) -> 0.25 | I9: =SUM(F9:H9) -> 1.1730769
A10: 141 | B10: Ship(String, Compass, IPosition, int) | C10: =SUMIFS(Method!$K$2:$K$3841,Method!$H$2:$H$3841,$A10,Method!$J$2:$J$3841,C$1) -> 1 | D10: =SUMIFS(Method!$K$2:$K$3841,Method!$H$2:$H$3841,$A10,Method!$J$2:$J$3841,D$1) -> 19 | E10: =SUMIFS(Method!$K$2:$K$3841,Method!$H$2:$H$3841,$A10,Method!$J$2:$J$3841,E$1) -> 4 | F10: =(C10-MIN(C$2:C$193))/(MAX(C$2:C$193)-MIN(C$2:C$193)) -> 0 | G10: =(D10-MIN(D$2:D$193))/(MAX(D$2:D$193)-MIN(D$2:D$193)) -> 0.14615385 | H10: =(E10-MIN(E$2:E$193))/(MAX(E$2:E$193)-MIN(E$2:E$193)) -> 1 | I10: =SUM(F10:H10) -> 1.1461538
A11: 121 | B11: describe(IMove) | C11: =SUMIFS(Method!$K$2:$K$3841,Method!$H$2:$H$3841,$A11,Method!$J$2:$J$3841,C$1) -> 18 | D11: =SUMIFS(Method!$K$2:$K$3841,Method!$H$2:$H$3841,$A11,Method!$J$2:$J$3841,D$1) -> 38 | E11: =SUMIFS(Method!$K$2:$K$3841,Method!$H$2:$H$3841,$A11,Method!$J$2:$J$3841,E$1) -> 1 | F11: =(C11-MIN(C$2:C$193))/(MAX(C$2:C$193)-MIN(C$2:C$193)) -> 0.47222222 | G11: =(D11-MIN(D$2:D$193))/(MAX(D$2:D$193)-MIN(D$2:D$193)) -> 0.29230769 | H11: =(E11-MIN(E$2:E$193))/(MAX(E$2:E$193)-MIN(E$2:E$193)) -> 0.25 | I11: =SUM(F11:H11) -> 1.0145299
A12: 122 | B12: export(IGame, String) | C12: =SUMIFS(Method!$K$2:$K$3841,Method!$H$2:$H$3841,$A12,Method!$J$2:$J$3841,C$1) -> 4 | D12: =SUMIFS(Method!$K$2:$K$3841,Method!$H$2:$H$3841,$A12,Method!$J$2:$J$3841,D$1) -> 55 | E12: =SUMIFS(Method!$K$2:$K$3841,Method!$H$2:$H$3841,$A12,Method!$J$2:$J$3841,E$1) -> 2 | F12: =(C12-MIN(C$2:C$193))/(MAX(C$2:C$193)-MIN(C$2:C$193)) -> 0.083333333 | G12: =(D12-MIN(D$2:D$193))/(MAX(D$2:D$193)-MIN(D$2:D$193)) -> 0.42307692 | H12: =(E12-MIN(E$2:E$193))/(MAX(E$2:E$193)-MIN(E$2:E$193)) -> 0.5 | I12: =SUM(F12:H12) -> 1.0064103
A13: 173 | B13: recordAiMove(IGame, List<IPosition>, ShotResponse) | C13: =SUMIFS(Method!$K$2:$K$3841,Method!$H$2:$H$3841,$A13,Method!$J$2:$J$3841,C$1) -> 4 | D13: =SUMIFS(Method!$K$2:$K$3841,Method!$H$2:$H$3841,$A13,Method!$J$2:$J$3841,D$1) -> 20 | E13: =SUMIFS(Method!$K$2:$K$3841,Method!$H$2:$H$3841,$A13,Method!$J$2:$J$3841,E$1) -> 3 | F13: =(C13-MIN(C$2:C$193))/(MAX(C$2:C$193)-MIN(C$2:C$193)) -> 0.083333333 | G13: =(D13-MIN(D$2:D$193))/(MAX(D$2:D$193)-MIN(D$2:D$193)) -> 0.15384615 | H13: =(E13-MIN(E$2:E$193))/(MAX(E$2:E$193)-MIN(E$2:E$193)) -> 0.75 | I13: =SUM(F13:H13) -> 0.98717949
... A193: 109 | B193: stillFloating() | C193: =SUMIFS(Method!$K$2:$K$3841,Method!$H$2:$H$3841,$A193,Method!$J$2:$J$3841,C$1) -> 1 | D193: =SUMIFS(Method!$K$2:$K$3841,Method!$H$2:$H$3841,$A193,Method!$J$2:$J$3841,D$1) -> 0 | E193: =SUMIFS(Method!$K$2:$K$3841,Method!$H$2:$H$3841,$A193,Method!$J$2:$J$3841,E$1) -> 0 | F193: =(C193-MIN(C$2:C$193))/(MAX(C$2:C$193)-MIN(C$2:C$193)) -> 0 | G193: =(D193-MIN(D$2:D$193))/(MAX(D$2:D$193)-MIN(D$2:D$193)) -> 0 | H193: =(E193-MIN(E$2:E$193))/(MAX(E$2:E$193)-MIN(E$2:E$193)) -> 0 | I193: =SUM(F193:H193) -> 0
